-- # You can use this file to load seed data into the database using SQL statements # --

--------------------------------------------
--  Cria os usuários default do sistema   --
--------------------------------------------
INSERT INTO USUARIO_SISTEMA(ID, LOGIN, SENHA_APLICACAO, DATA_CADASTRO, EMAIL, NOME, IND_ATIVO) VALUES (1, 'otavio', 'a3d4a413a3f981422388a46cbf1292fb', NOW(), 'otavio@hotmail.com', 'Otávio Felipe do Prado', true);
INSERT INTO USUARIO_SISTEMA(ID, LOGIN, SENHA_APLICACAO, DATA_CADASTRO, EMAIL, NOME, IND_ATIVO) VALUES (2, 'lucas', 'a3d4a413a3f981422388a46cbf1292fb', NOW(), 'lucas@gmail.com', 'Lucas Eduardo França Roldão', true);
INSERT INTO USUARIO_SISTEMA(ID, LOGIN, SENHA_APLICACAO, DATA_CADASTRO, EMAIL, NOME, IND_ATIVO) VALUES (3, 'rafaella', 'a3d4a413a3f981422388a46cbf1292fb', NOW(), 'rafaella@yahoo.com.br', 'Rafaella Negrello', true);
INSERT INTO USUARIO_SISTEMA(ID, LOGIN, SENHA_APLICACAO, DATA_CADASTRO, EMAIL, NOME, IND_ATIVO, MOTIVO_BLOQUEIO) VALUES (4, 'bloqueado', 'a3d4a413a3f981422388a46cbf1292fb', NOW(), 'bloqueado@gmail.com', 'Bloqueado', false, 'Afastamento');
INSERT INTO USUARIO_SISTEMA(ID, LOGIN, SENHA_APLICACAO, DATA_CADASTRO, EMAIL, NOME, IND_ATIVO) VALUES (5, 'administrador', '91f5167c34c400758115c2a6826ec2e3', NOW(), 'administrador@hotmail.com.com', 'Pedro da Silva', true);
INSERT INTO USUARIO_SISTEMA(ID, LOGIN, SENHA_APLICACAO, DATA_CADASTRO, EMAIL, NOME, IND_ATIVO) VALUES (6, 'gestor', 'a55607442fca264cf37e935503d646c2', NOW(), 'gestor@gmail.com', 'João Cunha Júnior', true);
INSERT INTO USUARIO_SISTEMA(ID, LOGIN, SENHA_APLICACAO, DATA_CADASTRO, EMAIL, NOME, IND_ATIVO) VALUES (7, 'gerente', '740d9c49b11f3ada7b9112614a54be41', NOW(), 'gerente@hotmail.com', 'Marcelo Silveira', true);
INSERT INTO USUARIO_SISTEMA(ID, LOGIN, SENHA_APLICACAO, DATA_CADASTRO, EMAIL, NOME, IND_ATIVO) VALUES (8, 'operador', '6d4f07c943a4da1c8bfe591abbc3579', NOW(), 'operador@uol.com.br', 'Silvia Castello', true);
-- Obs.: "a3d4a413a3f981422388a46cbf1292fb" é "gudiao" em MD5

--------------------------------------------
--  	Cria os perfils do sistema  	  --
--------------------------------------------
INSERT INTO PERFIL(ID, NOME) VALUES (1, 'ADMINISTRADOR');
INSERT INTO PERFIL(ID, NOME) VALUES (2, 'GESTOR');
INSERT INTO PERFIL(ID, NOME) VALUES (3, 'GERENTE');
INSERT INTO PERFIL(ID, NOME) VALUES (4, 'OPERADOR');

--------------------------------------------------------
--  	Vincula os usuários default a um perfil  	  --
--------------------------------------------------------
INSERT INTO USUARIO_SISTEMA_PERFIL(USUARIO_SISTEMA_ID, PERFIL_ID) VALUES (1, 1);
INSERT INTO USUARIO_SISTEMA_PERFIL(USUARIO_SISTEMA_ID, PERFIL_ID) VALUES (2, 2);
INSERT INTO USUARIO_SISTEMA_PERFIL(USUARIO_SISTEMA_ID, PERFIL_ID) VALUES (3, 3);
INSERT INTO USUARIO_SISTEMA_PERFIL(USUARIO_SISTEMA_ID, PERFIL_ID) VALUES (4, 4);
INSERT INTO USUARIO_SISTEMA_PERFIL(USUARIO_SISTEMA_ID, PERFIL_ID) VALUES (5, 1);
INSERT INTO USUARIO_SISTEMA_PERFIL(USUARIO_SISTEMA_ID, PERFIL_ID) VALUES (6, 2);
INSERT INTO USUARIO_SISTEMA_PERFIL(USUARIO_SISTEMA_ID, PERFIL_ID) VALUES (7, 3);
INSERT INTO USUARIO_SISTEMA_PERFIL(USUARIO_SISTEMA_ID, PERFIL_ID) VALUES (8, 4);


----------------------------------------------------------------
--  	Insere todas as permissões cridadas até o momento  	  --
----------------------------------------------------------------
INSERT INTO PERMISSAO(ID, NOME, DESCRICAO, DEPENDENCIA_ID, IND_ATRIB_ANY_PERFIL) VALUES (1, 'ROLE_USUARIO_LOGADO_PAINEL_ADMIN', 'Login no painel administrativo', null, 1); 
INSERT INTO PERMISSAO(ID, NOME, DESCRICAO, DEPENDENCIA_ID, IND_ATRIB_ANY_PERFIL) VALUES (2, 'ROLE_CAD_USUARIO', 'Cadastrar novos usuários', null, 1);
INSERT INTO PERMISSAO(ID, NOME, DESCRICAO, DEPENDENCIA_ID, IND_ATRIB_ANY_PERFIL) VALUES (3, 'ROLE_CONS_USUARIO', 'Consultar usuários', null, 1);
INSERT INTO PERMISSAO(ID, NOME, DESCRICAO, DEPENDENCIA_ID, IND_ATRIB_ANY_PERFIL) VALUES (4, 'ROLE_EDT_USUARIO', 'Editar usuários existentes', 3, 1);
INSERT INTO PERMISSAO(ID, NOME, DESCRICAO, DEPENDENCIA_ID, IND_ATRIB_ANY_PERFIL) VALUES (5, 'ROLE_BLOQ_USUARIO', 'Bloquear usuários', 3, 1);
INSERT INTO PERMISSAO(ID, NOME, DESCRICAO, DEPENDENCIA_ID, IND_ATRIB_ANY_PERFIL) VALUES (6, 'ROLE_CAD_ATIVIDADE', 'Agendar atividade', null, 1);
INSERT INTO PERMISSAO(ID, NOME, DESCRICAO, DEPENDENCIA_ID, IND_ATRIB_ANY_PERFIL) VALUES (7, 'ROLE_CONS_AUDITORIA', 'Consultar auditoria', null, 0);
INSERT INTO PERMISSAO(ID, NOME, DESCRICAO, DEPENDENCIA_ID, IND_ATRIB_ANY_PERFIL) VALUES (8, 'ROLE_EDT_PERMISSOES', 'Editar permissoes', null, 0);
INSERT INTO PERMISSAO(ID, NOME, DESCRICAO, DEPENDENCIA_ID, IND_ATRIB_ANY_PERFIL) VALUES (9, 'ROLE_CONS_ATIVIDADE', 'Consultar atividade', null, 1);
INSERT INTO PERMISSAO(ID, NOME, DESCRICAO, DEPENDENCIA_ID, IND_ATRIB_ANY_PERFIL) VALUES (10, 'ROLE_EDT_ATIVIDADE', 'Editar atividade', 9, 1);
INSERT INTO PERMISSAO(ID, NOME, DESCRICAO, DEPENDENCIA_ID, IND_ATRIB_ANY_PERFIL) VALUES (11, 'ROLE_EXCLUIR_ATIVIDADE', 'Excluir atividade', 9, 1);
INSERT INTO PERMISSAO(ID, NOME, DESCRICAO, DEPENDENCIA_ID, IND_ATRIB_ANY_PERFIL) VALUES (12, 'ROLE_CAD_CLIENTE', 'Cadastrar cliente', null, 1);
INSERT INTO PERMISSAO(ID, NOME, DESCRICAO, DEPENDENCIA_ID, IND_ATRIB_ANY_PERFIL) VALUES (13, 'ROLE_CONS_CLIENTE', 'Consultar cliente', null, 1);
INSERT INTO PERMISSAO(ID, NOME, DESCRICAO, DEPENDENCIA_ID, IND_ATRIB_ANY_PERFIL) VALUES (14, 'ROLE_EDT_CLIENTE', 'Editar cliente', 13, 1);
INSERT INTO PERMISSAO(ID, NOME, DESCRICAO, DEPENDENCIA_ID, IND_ATRIB_ANY_PERFIL) VALUES (15, 'ROLE_BLOQ_CLIENTE', 'Bloquear cliente', 13, 1);
INSERT INTO PERMISSAO(ID, NOME, DESCRICAO, DEPENDENCIA_ID, IND_ATRIB_ANY_PERFIL) VALUES (16, 'ROLE_CAD_CONTRATO', 'Cadastrar contrato', null, 1);
INSERT INTO PERMISSAO(ID, NOME, DESCRICAO, DEPENDENCIA_ID, IND_ATRIB_ANY_PERFIL) VALUES (17, 'ROLE_CONS_CONTRATO', 'Consultar contrato', null, 1);
INSERT INTO PERMISSAO(ID, NOME, DESCRICAO, DEPENDENCIA_ID, IND_ATRIB_ANY_PERFIL) VALUES (18, 'ROLE_EXCLUIR_CONTRATO', 'Excluir contrato', 17, 1);
INSERT INTO PERMISSAO(ID, NOME, DESCRICAO, DEPENDENCIA_ID, IND_ATRIB_ANY_PERFIL) VALUES (19, 'ROLE_EDT_CONTRATO', 'Editar contrato', 17, 1);


----------------------------------------------------------------
--  	Atribui as permissoes de cada perfil				  --
----------------------------------------------------------------
INSERT INTO PERFIL_PERMISSAO(PERFIL_ID, PERMISSAO_ID) VALUES (1, 1); -- Admin: Usuário logado painel de Admin
INSERT INTO PERFIL_PERMISSAO(PERFIL_ID, PERMISSAO_ID) VALUES (1, 2); -- Admin: Cadastrar novos usuários
INSERT INTO PERFIL_PERMISSAO(PERFIL_ID, PERMISSAO_ID) VALUES (1, 3); -- Admin: Consultar usuários
INSERT INTO PERFIL_PERMISSAO(PERFIL_ID, PERMISSAO_ID) VALUES (1, 4); -- Admin: Editar usuários existentes
INSERT INTO PERFIL_PERMISSAO(PERFIL_ID, PERMISSAO_ID) VALUES (1, 5); -- Admin: Bloquear usuários
INSERT INTO PERFIL_PERMISSAO(PERFIL_ID, PERMISSAO_ID) VALUES (1, 6); -- Admin: Agendar atividade
INSERT INTO PERFIL_PERMISSAO(PERFIL_ID, PERMISSAO_ID) VALUES (1, 7); -- Admin: Consultar auditoria
INSERT INTO PERFIL_PERMISSAO(PERFIL_ID, PERMISSAO_ID) VALUES (1, 8); -- Admin: Editar permissões
INSERT INTO PERFIL_PERMISSAO(PERFIL_ID, PERMISSAO_ID) VALUES (1, 9); -- Admin: Consultar atividade
INSERT INTO PERFIL_PERMISSAO(PERFIL_ID, PERMISSAO_ID) VALUES (1, 10); -- Admin: Editar atividade
INSERT INTO PERFIL_PERMISSAO(PERFIL_ID, PERMISSAO_ID) VALUES (1, 11); -- Admin: Excluir atividade

INSERT INTO PERFIL_PERMISSAO(PERFIL_ID, PERMISSAO_ID) VALUES (2, 1); -- Gestor: Usuário logado painel de Admin
INSERT INTO PERFIL_PERMISSAO(PERFIL_ID, PERMISSAO_ID) VALUES (2, 4); -- Gestor: Editar usuários existentes
INSERT INTO PERFIL_PERMISSAO(PERFIL_ID, PERMISSAO_ID) VALUES (2, 5); -- Gestor: Bloquear usuários
INSERT INTO PERFIL_PERMISSAO(PERFIL_ID, PERMISSAO_ID) VALUES (2, 12); -- Gestor: Cadastrar cliente
INSERT INTO PERFIL_PERMISSAO(PERFIL_ID, PERMISSAO_ID) VALUES (2, 13); -- Gestor: Consultar cliente
INSERT INTO PERFIL_PERMISSAO(PERFIL_ID, PERMISSAO_ID) VALUES (2, 14); -- Gestor: Editar cliente
INSERT INTO PERFIL_PERMISSAO(PERFIL_ID, PERMISSAO_ID) VALUES (2, 15); -- Gestor: Bloquear cliente
INSERT INTO PERFIL_PERMISSAO(PERFIL_ID, PERMISSAO_ID) VALUES (2, 16); -- Gestor: Cadastrar contrato
INSERT INTO PERFIL_PERMISSAO(PERFIL_ID, PERMISSAO_ID) VALUES (2, 17); -- Gestor: Consultar contrato
INSERT INTO PERFIL_PERMISSAO(PERFIL_ID, PERMISSAO_ID) VALUES (2, 18); -- Gestor: Excluir contrato
INSERT INTO PERFIL_PERMISSAO(PERFIL_ID, PERMISSAO_ID) VALUES (2, 19); -- Gestor: Editar contrato

INSERT INTO PERFIL_PERMISSAO(PERFIL_ID, PERMISSAO_ID) VALUES (3, 1); -- Gerente: Usuário logado painel de Admin
-- INSERT INTO PERFIL_PERMISSAO(PERFIL_ID, PERMISSAO_ID) VALUES (4, 1); -- Operador: Usuário logado painel de Admin

----------------------------------------------------------------
--  	Atribui as configurações do sistema					  --
----------------------------------------------------------------
INSERT INTO CONFIGURACAO_SISTEMA(ID, NOME, DESCRICAO, VALOR) VALUES (1, 'QTD_MAX_TENTATIVAS_ACESSO_COM_SENHA_INVALIDA', 'Define a quantidade máxima de vezes em que um usuário pode errar a senha ao tentar realizar login antes que a conta seja bloqueada', 3);



----------------------------------------------------------------
--  		Cadastro de clientes do sistema					  --
----------------------------------------------------------------
INSERT INTO ENDERECO(ID, BAIRRO, CEP, CIDADE, COMPLEMENTO, ESTADO, LOGRADOURO, NUMERO) VALUES (1, 'Vila Industrial', '13035-500', 'Campinas', 'Apartamento 57', 'SP', 'R. Dr. Sales de Oliveira', 1661);
INSERT INTO CLIENTE(ID, CELULAR, CLIENTE_DESDE, CODIGO, CPF_CNPJ, EMAIL, FISICA_JURIDICA, IND_ATIVO, MOTIVO_BLOQUEIO, NOME_CONTATO, NOME_FANTASIA, SITE, TELEFONE_FIXO, ENDERECO_ID) VALUES(1, '(19) 9784-4321', '2015-08-24', 'CODIGO007', '354.345.346-54', 'jose@gmail.com', 'PF', 1, null, 'José da Silva', 'Loja do José', 'www.lojadojose.com.br', '(19) 3271-8423', 1);

INSERT INTO ENDERECO(ID, BAIRRO, CEP, CIDADE, COMPLEMENTO, ESTADO, LOGRADOURO, NUMERO) VALUES (2, 'Jardim Campos Elíseos', '20511-330', 'São Paulo', null, 'SP', 'Rua Dr. Abelardo de Barros', 372);
INSERT INTO CLIENTE(ID, CELULAR, CLIENTE_DESDE, CODIGO, CPF_CNPJ, EMAIL, FISICA_JURIDICA, IND_ATIVO, MOTIVO_BLOQUEIO, NOME_CONTATO, NOME_FANTASIA, SITE, TELEFONE_FIXO, ENDERECO_ID) VALUES(2, '(19) 9942-6533', '2014-06-29', 'CLI0001', '36.216.296/0001-20', 'fulano@hotmail.com', 'PJ', 0, 'Vencimento de contrato', 'José da Silva', 'Fulano da Silva', 'www.fulano.com.br', '(19) 3345-7542', 2);






