-- # You can use this file to load seed data into the database using SQL statements # --

--------------------------------------------
--  Cria os usuários default do sistema   --
--------------------------------------------
INSERT INTO USUARIO_SISTEMA(ID, LOGIN, SENHA_APLICACAO, DATA_CADASTRO, EMAIL, NOME, IND_ATIVO) VALUES (1, 'otavio', 'a3d4a413a3f981422388a46cbf1292fb', NOW(), 'otavio@hotmail.com', 'Otávio Felipe do Prado', true);
INSERT INTO USUARIO_SISTEMA(ID, LOGIN, SENHA_APLICACAO, DATA_CADASTRO, EMAIL, NOME, IND_ATIVO) VALUES (2, 'lucas', 'a3d4a413a3f981422388a46cbf1292fb', NOW(), 'lucas@gmail.com', 'Lucas Eduardo França Roldão', true);
INSERT INTO USUARIO_SISTEMA(ID, LOGIN, SENHA_APLICACAO, DATA_CADASTRO, EMAIL, NOME, IND_ATIVO) VALUES (3, 'rafaella', 'a3d4a413a3f981422388a46cbf1292fb', NOW(), 'rafaella@yahoo.com.br', 'Rafaella Negrello', true);
INSERT INTO USUARIO_SISTEMA(ID, LOGIN, SENHA_APLICACAO, DATA_CADASTRO, EMAIL, NOME, IND_ATIVO, MOTIVO_BLOQUEIO) VALUES (4, 'bloqueado', 'a3d4a413a3f981422388a46cbf1292fb', NOW(), 'bloqueado@gmail.com', 'Bloqueado', false, 'Afastamento');
INSERT INTO USUARIO_SISTEMA(ID, LOGIN, SENHA_APLICACAO, DATA_CADASTRO, EMAIL, NOME, IND_ATIVO) VALUES (5, 'administrador', '91f5167c34c400758115c2a6826ec2e3', NOW(), 'administrador@hotmail.com.com', 'Pedro da Silva', true);
INSERT INTO USUARIO_SISTEMA(ID, LOGIN, SENHA_APLICACAO, DATA_CADASTRO, EMAIL, NOME, IND_ATIVO) VALUES (6, 'gestor', 'a55607442fca264cf37e935503d646c2', NOW(), 'gestor@gmail.com', 'João Cunha Júnior', true);
INSERT INTO USUARIO_SISTEMA(ID, LOGIN, SENHA_APLICACAO, DATA_CADASTRO, EMAIL, NOME, IND_ATIVO) VALUES (7, 'gerente', '740d9c49b11f3ada7b9112614a54be41', NOW(), 'gerente@hotmail.com', 'Marcelo Silveira', true);
INSERT INTO USUARIO_SISTEMA(ID, LOGIN, SENHA_APLICACAO, DATA_CADASTRO, EMAIL, NOME, IND_ATIVO) VALUES (8, 'operador', '06d4f07c943a4da1c8bfe591abbc3579', NOW(), 'operador@uol.com.br', 'Silvia Castello', true);

-- Obs.: "a3d4a413a3f981422388a46cbf1292fb" é "gudiao" em MD5

--------------------------------------------
--  	Cria os perfils do sistema  	  --
--------------------------------------------
INSERT INTO PERFIL(ID, NOME) VALUES (1, 'ADMINISTRADOR');
INSERT INTO PERFIL(ID, NOME) VALUES (2, 'GESTOR');
INSERT INTO PERFIL(ID, NOME) VALUES (3, 'GERENTE');
INSERT INTO PERFIL(ID, NOME) VALUES (4, 'OPERADOR');

--------------------------------------------------------
--  	Vincula os usuários default a um perfil  	  --
--------------------------------------------------------
INSERT INTO USUARIO_SISTEMA_PERFIL(USUARIO_SISTEMA_ID, PERFIL_ID) VALUES (1, 1);
INSERT INTO USUARIO_SISTEMA_PERFIL(USUARIO_SISTEMA_ID, PERFIL_ID) VALUES (2, 2);
INSERT INTO USUARIO_SISTEMA_PERFIL(USUARIO_SISTEMA_ID, PERFIL_ID) VALUES (3, 3);
INSERT INTO USUARIO_SISTEMA_PERFIL(USUARIO_SISTEMA_ID, PERFIL_ID) VALUES (4, 4);
INSERT INTO USUARIO_SISTEMA_PERFIL(USUARIO_SISTEMA_ID, PERFIL_ID) VALUES (5, 1);
INSERT INTO USUARIO_SISTEMA_PERFIL(USUARIO_SISTEMA_ID, PERFIL_ID) VALUES (6, 2);
INSERT INTO USUARIO_SISTEMA_PERFIL(USUARIO_SISTEMA_ID, PERFIL_ID) VALUES (7, 3);
INSERT INTO USUARIO_SISTEMA_PERFIL(USUARIO_SISTEMA_ID, PERFIL_ID) VALUES (8, 4);


----------------------------------------------------------------
--  	Insere todas as permissões cridadas até o momento  	  --
----------------------------------------------------------------
INSERT INTO PERMISSAO(ID, NOME, DESCRICAO, DEPENDENCIA_ID, IND_ATRIB_ANY_PERFIL) VALUES (1, 'ROLE_USUARIO_LOGADO_PAINEL_ADMIN', 'Login no painel administrativo', null, 0); 
INSERT INTO PERMISSAO(ID, NOME, DESCRICAO, DEPENDENCIA_ID, IND_ATRIB_ANY_PERFIL) VALUES (2, 'ROLE_CAD_USUARIO', 'Cadastrar novos usuários', null, 0);
INSERT INTO PERMISSAO(ID, NOME, DESCRICAO, DEPENDENCIA_ID, IND_ATRIB_ANY_PERFIL) VALUES (3, 'ROLE_CONS_USUARIO', 'Consultar usuários', null, 0);
INSERT INTO PERMISSAO(ID, NOME, DESCRICAO, DEPENDENCIA_ID, IND_ATRIB_ANY_PERFIL) VALUES (4, 'ROLE_EDT_USUARIO', 'Editar usuários existentes', 3, 0);
INSERT INTO PERMISSAO(ID, NOME, DESCRICAO, DEPENDENCIA_ID, IND_ATRIB_ANY_PERFIL) VALUES (5, 'ROLE_BLOQ_USUARIO', 'Bloquear usuários', 3, 0);
INSERT INTO PERMISSAO(ID, NOME, DESCRICAO, DEPENDENCIA_ID, IND_ATRIB_ANY_PERFIL) VALUES (6, 'ROLE_CAD_ATIVIDADE', 'Agendar atividade', null, 1);
INSERT INTO PERMISSAO(ID, NOME, DESCRICAO, DEPENDENCIA_ID, IND_ATRIB_ANY_PERFIL) VALUES (7, 'ROLE_CONS_AUDITORIA', 'Consultar auditoria', null, 0);
INSERT INTO PERMISSAO(ID, NOME, DESCRICAO, DEPENDENCIA_ID, IND_ATRIB_ANY_PERFIL) VALUES (8, 'ROLE_EDT_PERMISSOES', 'Editar permissoes', null, 0);
INSERT INTO PERMISSAO(ID, NOME, DESCRICAO, DEPENDENCIA_ID, IND_ATRIB_ANY_PERFIL) VALUES (9, 'ROLE_CONS_ATIVIDADE', 'Consultar atividade', null, 1);
INSERT INTO PERMISSAO(ID, NOME, DESCRICAO, DEPENDENCIA_ID, IND_ATRIB_ANY_PERFIL) VALUES (10, 'ROLE_EDT_ATIVIDADE', 'Editar atividade', 9, 1);
INSERT INTO PERMISSAO(ID, NOME, DESCRICAO, DEPENDENCIA_ID, IND_ATRIB_ANY_PERFIL) VALUES (11, 'ROLE_EXCLUIR_ATIVIDADE', 'Excluir atividade', 9, 1);
INSERT INTO PERMISSAO(ID, NOME, DESCRICAO, DEPENDENCIA_ID, IND_ATRIB_ANY_PERFIL) VALUES (12, 'ROLE_CAD_CLIENTE', 'Cadastrar cliente', null, 1);
INSERT INTO PERMISSAO(ID, NOME, DESCRICAO, DEPENDENCIA_ID, IND_ATRIB_ANY_PERFIL) VALUES (13, 'ROLE_CONS_CLIENTE', 'Consultar cliente', null, 1);
INSERT INTO PERMISSAO(ID, NOME, DESCRICAO, DEPENDENCIA_ID, IND_ATRIB_ANY_PERFIL) VALUES (14, 'ROLE_EDT_CLIENTE', 'Editar cliente', 13, 1);
INSERT INTO PERMISSAO(ID, NOME, DESCRICAO, DEPENDENCIA_ID, IND_ATRIB_ANY_PERFIL) VALUES (15, 'ROLE_BLOQ_CLIENTE', 'Bloquear cliente', 13, 1);
INSERT INTO PERMISSAO(ID, NOME, DESCRICAO, DEPENDENCIA_ID, IND_ATRIB_ANY_PERFIL) VALUES (16, 'ROLE_CAD_CONTRATO', 'Cadastrar contrato', null, 1);
INSERT INTO PERMISSAO(ID, NOME, DESCRICAO, DEPENDENCIA_ID, IND_ATRIB_ANY_PERFIL) VALUES (17, 'ROLE_CONS_CONTRATO', 'Consultar contrato', null, 1);
INSERT INTO PERMISSAO(ID, NOME, DESCRICAO, DEPENDENCIA_ID, IND_ATRIB_ANY_PERFIL) VALUES (18, 'ROLE_EXCLUIR_CONTRATO', 'Excluir contrato', 17, 1);
INSERT INTO PERMISSAO(ID, NOME, DESCRICAO, DEPENDENCIA_ID, IND_ATRIB_ANY_PERFIL) VALUES (19, 'ROLE_EDT_CONTRATO', 'Editar contrato', 17, 1);
INSERT INTO PERMISSAO(ID, NOME, DESCRICAO, DEPENDENCIA_ID, IND_ATRIB_ANY_PERFIL) VALUES (20, 'ROLE_CAD_FORNECEDOR', 'Cadastrar fornecedor', null, 1);
INSERT INTO PERMISSAO(ID, NOME, DESCRICAO, DEPENDENCIA_ID, IND_ATRIB_ANY_PERFIL) VALUES (21, 'ROLE_CONS_FORNECEDOR', 'Consultar fornecedor', null, 1);
INSERT INTO PERMISSAO(ID, NOME, DESCRICAO, DEPENDENCIA_ID, IND_ATRIB_ANY_PERFIL) VALUES (22, 'ROLE_EXCLUIR_FORNECEDOR', 'Excluir fornecedor', 21, 1);
INSERT INTO PERMISSAO(ID, NOME, DESCRICAO, DEPENDENCIA_ID, IND_ATRIB_ANY_PERFIL) VALUES (23, 'ROLE_EDT_FORNECEDOR', 'Editar fornecedor', 21, 1);
INSERT INTO PERMISSAO(ID, NOME, DESCRICAO, DEPENDENCIA_ID, IND_ATRIB_ANY_PERFIL) VALUES (24, 'ROLE_CAD_PRODUTO', 'Cadastrar produto', null, 1);
INSERT INTO PERMISSAO(ID, NOME, DESCRICAO, DEPENDENCIA_ID, IND_ATRIB_ANY_PERFIL) VALUES (25, 'ROLE_CONS_PRODUTO', 'Consultar produto', null, 1);
INSERT INTO PERMISSAO(ID, NOME, DESCRICAO, DEPENDENCIA_ID, IND_ATRIB_ANY_PERFIL) VALUES (26, 'ROLE_EXCLUIR_PRODUTO', 'Excluir produto', 25, 1);
INSERT INTO PERMISSAO(ID, NOME, DESCRICAO, DEPENDENCIA_ID, IND_ATRIB_ANY_PERFIL) VALUES (27, 'ROLE_EDT_PRODUTO', 'Editar produto', 25, 1);
INSERT INTO PERMISSAO(ID, NOME, DESCRICAO, DEPENDENCIA_ID, IND_ATRIB_ANY_PERFIL) VALUES (28, 'ROLE_CAD_MAQUINA', 'Cadastrar máquina', null, 1);
INSERT INTO PERMISSAO(ID, NOME, DESCRICAO, DEPENDENCIA_ID, IND_ATRIB_ANY_PERFIL) VALUES (29, 'ROLE_CONS_MAQUINA', 'Consultar máquina', null, 1);
INSERT INTO PERMISSAO(ID, NOME, DESCRICAO, DEPENDENCIA_ID, IND_ATRIB_ANY_PERFIL) VALUES (30, 'ROLE_EDT_MAQUINA', 'Editar máquina', 29, 1);
INSERT INTO PERMISSAO(ID, NOME, DESCRICAO, DEPENDENCIA_ID, IND_ATRIB_ANY_PERFIL) VALUES (31, 'ROLE_INATIVAR_MAQUINA', 'Inativar/Ativar máquina', 29, 1);
INSERT INTO PERMISSAO(ID, NOME, DESCRICAO, DEPENDENCIA_ID, IND_ATRIB_ANY_PERFIL) VALUES (32, 'ROLE_CAD_NATUREZA', 'Cadastrar natureza financeira', null, 1);
INSERT INTO PERMISSAO(ID, NOME, DESCRICAO, DEPENDENCIA_ID, IND_ATRIB_ANY_PERFIL) VALUES (33, 'ROLE_CONS_NATUREZA', 'Consultar natureza financeira', null, 1);
INSERT INTO PERMISSAO(ID, NOME, DESCRICAO, DEPENDENCIA_ID, IND_ATRIB_ANY_PERFIL) VALUES (34, 'ROLE_EDT_NATUREZA', 'Editar natureza financeira', 33, 1);
INSERT INTO PERMISSAO(ID, NOME, DESCRICAO, DEPENDENCIA_ID, IND_ATRIB_ANY_PERFIL) VALUES (35, 'ROLE_EXCLUIR_NATUREZA', 'Excluir natureza financeira', 33, 1);
INSERT INTO PERMISSAO(ID, NOME, DESCRICAO, DEPENDENCIA_ID, IND_ATRIB_ANY_PERFIL) VALUES (36, 'ROLE_CAD_MANUTENCAO', 'Cadastrar manutenção', null, 1);
INSERT INTO PERMISSAO(ID, NOME, DESCRICAO, DEPENDENCIA_ID, IND_ATRIB_ANY_PERFIL) VALUES (37, 'ROLE_CONS_MANUTENCAO', 'Consultar manutenção', null, 1);
INSERT INTO PERMISSAO(ID, NOME, DESCRICAO, DEPENDENCIA_ID, IND_ATRIB_ANY_PERFIL) VALUES (38, 'ROLE_EDT_MANUTENCAO', 'Editar manutenção', 37, 1);
INSERT INTO PERMISSAO(ID, NOME, DESCRICAO, DEPENDENCIA_ID, IND_ATRIB_ANY_PERFIL) VALUES (39, 'ROLE_EXCLUIR_MANUTENCAO', 'Excluir manutenção', 37, 1);
INSERT INTO PERMISSAO(ID, NOME, DESCRICAO, DEPENDENCIA_ID, IND_ATRIB_ANY_PERFIL) VALUES (40, 'ROLE_CAD_RECEITA', 'Cadastrar receita', null, 1);
INSERT INTO PERMISSAO(ID, NOME, DESCRICAO, DEPENDENCIA_ID, IND_ATRIB_ANY_PERFIL) VALUES (41, 'ROLE_CONS_RECEITA', 'Consultar receita', null, 1);
INSERT INTO PERMISSAO(ID, NOME, DESCRICAO, DEPENDENCIA_ID, IND_ATRIB_ANY_PERFIL) VALUES (42, 'ROLE_EDT_RECEITA', 'Editar receita', 41, 1);
INSERT INTO PERMISSAO(ID, NOME, DESCRICAO, DEPENDENCIA_ID, IND_ATRIB_ANY_PERFIL) VALUES (43, 'ROLE_EXCLUIR_RECEITA', 'Excluir receita', 41, 1);
INSERT INTO PERMISSAO(ID, NOME, DESCRICAO, DEPENDENCIA_ID, IND_ATRIB_ANY_PERFIL) VALUES (44, 'ROLE_CAD_DESPESA', 'Cadastrar despesa', null, 1);
INSERT INTO PERMISSAO(ID, NOME, DESCRICAO, DEPENDENCIA_ID, IND_ATRIB_ANY_PERFIL) VALUES (45, 'ROLE_CONS_DESPESA', 'Consultar despesa', null, 1);
INSERT INTO PERMISSAO(ID, NOME, DESCRICAO, DEPENDENCIA_ID, IND_ATRIB_ANY_PERFIL) VALUES (46, 'ROLE_EDT_DESPESA', 'Editar despesa', 41, 1);
INSERT INTO PERMISSAO(ID, NOME, DESCRICAO, DEPENDENCIA_ID, IND_ATRIB_ANY_PERFIL) VALUES (47, 'ROLE_EXCLUIR_DESPESA', 'Excluir despesa', 41, 1);
INSERT INTO PERMISSAO(ID, NOME, DESCRICAO, DEPENDENCIA_ID, IND_ATRIB_ANY_PERFIL) VALUES (48, 'ROLE_CAD_ALOCACAO', 'Solicitar alocação de máquina', null, 1);
INSERT INTO PERMISSAO(ID, NOME, DESCRICAO, DEPENDENCIA_ID, IND_ATRIB_ANY_PERFIL) VALUES (49, 'ROLE_EXCLUIR_ALOCACAO', 'Excluir solicitação de alocação de máquina', null, 1);
INSERT INTO PERMISSAO(ID, NOME, DESCRICAO, DEPENDENCIA_ID, IND_ATRIB_ANY_PERFIL) VALUES (50, 'ROLE_CONS_ALOCACAO', 'Consultar alocação', null, 1);
INSERT INTO PERMISSAO(ID, NOME, DESCRICAO, DEPENDENCIA_ID, IND_ATRIB_ANY_PERFIL) VALUES (51, 'ROLE_DESALOCACAO', 'Solicitar desalocação de máquina', 50, 1);
INSERT INTO PERMISSAO(ID, NOME, DESCRICAO, DEPENDENCIA_ID, IND_ATRIB_ANY_PERFIL) VALUES (52, 'ROLE_CAD_RESERVA', 'Cadastrar reserva', null, 1);
INSERT INTO PERMISSAO(ID, NOME, DESCRICAO, DEPENDENCIA_ID, IND_ATRIB_ANY_PERFIL) VALUES (53, 'ROLE_CONS_RESERVA', 'Consultar reserva', null, 1);
INSERT INTO PERMISSAO(ID, NOME, DESCRICAO, DEPENDENCIA_ID, IND_ATRIB_ANY_PERFIL) VALUES (54, 'ROLE_EXCLUIR_RESERVA', 'Excluir reserva', 53, 1);
INSERT INTO PERMISSAO(ID, NOME, DESCRICAO, DEPENDENCIA_ID, IND_ATRIB_ANY_PERFIL) VALUES (55, 'ROLE_CONS_HISTORICO_MAQUINA', 'Consultar histórico da máquina', null, 1);
INSERT INTO PERMISSAO(ID, NOME, DESCRICAO, DEPENDENCIA_ID, IND_ATRIB_ANY_PERFIL) VALUES (56, 'ROLE_CONTINGENCY_CONFIRMAR_ALOCACAO', 'Confirmar alocação por contingência', 50, 1);
INSERT INTO PERMISSAO(ID, NOME, DESCRICAO, DEPENDENCIA_ID, IND_ATRIB_ANY_PERFIL) VALUES (57, 'ROLE_CONTINGENCY_CONFIRMAR_DESALOCACAO', 'Confirmar desalocação por contingência', 50, 1);

----------------------------------------------------------------
--  	Atribui as permissoes de cada perfil				  --
----------------------------------------------------------------
INSERT INTO PERFIL_PERMISSAO(PERFIL_ID, PERMISSAO_ID) VALUES (1, 1); -- Admin: Usuário logado painel de Admin
INSERT INTO PERFIL_PERMISSAO(PERFIL_ID, PERMISSAO_ID) VALUES (1, 2); -- Admin: Cadastrar novos usuários
INSERT INTO PERFIL_PERMISSAO(PERFIL_ID, PERMISSAO_ID) VALUES (1, 3); -- Admin: Consultar usuários
INSERT INTO PERFIL_PERMISSAO(PERFIL_ID, PERMISSAO_ID) VALUES (1, 4); -- Admin: Editar usuários existentes
INSERT INTO PERFIL_PERMISSAO(PERFIL_ID, PERMISSAO_ID) VALUES (1, 5); -- Admin: Bloquear usuários
INSERT INTO PERFIL_PERMISSAO(PERFIL_ID, PERMISSAO_ID) VALUES (1, 7); -- Admin: Consultar auditoria
INSERT INTO PERFIL_PERMISSAO(PERFIL_ID, PERMISSAO_ID) VALUES (1, 8); -- Admin: Editar permissões
INSERT INTO PERFIL_PERMISSAO(PERFIL_ID, PERMISSAO_ID) VALUES (1, 10); -- Admin: Editar atividade
INSERT INTO PERFIL_PERMISSAO(PERFIL_ID, PERMISSAO_ID) VALUES (1, 11); -- Admin: Excluir atividade



INSERT INTO PERFIL_PERMISSAO(PERFIL_ID, PERMISSAO_ID) VALUES (2, 1); -- Gestor: Usuário logado painel de Admin
INSERT INTO PERFIL_PERMISSAO(PERFIL_ID, PERMISSAO_ID) VALUES (2, 4); -- Gestor: Editar usuários existentes
INSERT INTO PERFIL_PERMISSAO(PERFIL_ID, PERMISSAO_ID) VALUES (2, 5); -- Gestor: Bloquear usuários
INSERT INTO PERFIL_PERMISSAO(PERFIL_ID, PERMISSAO_ID) VALUES (2, 6); -- Gestor: Agendar atividade
INSERT INTO PERFIL_PERMISSAO(PERFIL_ID, PERMISSAO_ID) VALUES (2, 9); -- Gestor: Consultar atividade
INSERT INTO PERFIL_PERMISSAO(PERFIL_ID, PERMISSAO_ID) VALUES (2, 10); -- Gestor: Editar atividade
INSERT INTO PERFIL_PERMISSAO(PERFIL_ID, PERMISSAO_ID) VALUES (2, 11); -- Gestor: Excluir atividade
INSERT INTO PERFIL_PERMISSAO(PERFIL_ID, PERMISSAO_ID) VALUES (2, 12); -- Gestor: Cadastrar cliente
INSERT INTO PERFIL_PERMISSAO(PERFIL_ID, PERMISSAO_ID) VALUES (2, 13); -- Gestor: Consultar cliente
INSERT INTO PERFIL_PERMISSAO(PERFIL_ID, PERMISSAO_ID) VALUES (2, 14); -- Gestor: Editar cliente
INSERT INTO PERFIL_PERMISSAO(PERFIL_ID, PERMISSAO_ID) VALUES (2, 15); -- Gestor: Bloquear cliente
INSERT INTO PERFIL_PERMISSAO(PERFIL_ID, PERMISSAO_ID) VALUES (2, 16); -- Gestor: Cadastrar contrato
INSERT INTO PERFIL_PERMISSAO(PERFIL_ID, PERMISSAO_ID) VALUES (2, 17); -- Gestor: Consultar contrato
INSERT INTO PERFIL_PERMISSAO(PERFIL_ID, PERMISSAO_ID) VALUES (2, 18); -- Gestor: Excluir contrato
INSERT INTO PERFIL_PERMISSAO(PERFIL_ID, PERMISSAO_ID) VALUES (2, 19); -- Gestor: Editar contrato
INSERT INTO PERFIL_PERMISSAO(PERFIL_ID, PERMISSAO_ID) VALUES (2, 20); -- Gestor: Cadastrar fornecedor
INSERT INTO PERFIL_PERMISSAO(PERFIL_ID, PERMISSAO_ID) VALUES (2, 21); -- Gestor: Consultar fornecedor
INSERT INTO PERFIL_PERMISSAO(PERFIL_ID, PERMISSAO_ID) VALUES (2, 22); -- Gestor: Excluir fornecedor
INSERT INTO PERFIL_PERMISSAO(PERFIL_ID, PERMISSAO_ID) VALUES (2, 23); -- Gestor: Editar fornecedor
INSERT INTO PERFIL_PERMISSAO(PERFIL_ID, PERMISSAO_ID) VALUES (2, 24); -- Gestor: Cadastrar produto
INSERT INTO PERFIL_PERMISSAO(PERFIL_ID, PERMISSAO_ID) VALUES (2, 25); -- Gestor: Consultar produto
INSERT INTO PERFIL_PERMISSAO(PERFIL_ID, PERMISSAO_ID) VALUES (2, 26); -- Gestor: Excluir produto
INSERT INTO PERFIL_PERMISSAO(PERFIL_ID, PERMISSAO_ID) VALUES (2, 27); -- Gestor: Editar produto
INSERT INTO PERFIL_PERMISSAO(PERFIL_ID, PERMISSAO_ID) VALUES (2, 28); -- Gestor: Cadastrar máquina
INSERT INTO PERFIL_PERMISSAO(PERFIL_ID, PERMISSAO_ID) VALUES (2, 29); -- Gestor: Consultar máquina
INSERT INTO PERFIL_PERMISSAO(PERFIL_ID, PERMISSAO_ID) VALUES (2, 30); -- Gestor: Editar máquina
INSERT INTO PERFIL_PERMISSAO(PERFIL_ID, PERMISSAO_ID) VALUES (2, 31); -- Gestor: Inativar/Ativar máquina
INSERT INTO PERFIL_PERMISSAO(PERFIL_ID, PERMISSAO_ID) VALUES (2, 32); -- Gestor: cadastrar natureza financeira
INSERT INTO PERFIL_PERMISSAO(PERFIL_ID, PERMISSAO_ID) VALUES (2, 33); -- Gestor: Consultar natureza financeira
INSERT INTO PERFIL_PERMISSAO(PERFIL_ID, PERMISSAO_ID) VALUES (2, 34); -- Gestor: Editar natureza financeira
INSERT INTO PERFIL_PERMISSAO(PERFIL_ID, PERMISSAO_ID) VALUES (2, 35); -- Gestor: Excluir natureza financeira
INSERT INTO PERFIL_PERMISSAO(PERFIL_ID, PERMISSAO_ID) VALUES (2, 36); -- Gestor: Cadastrar manutenção
INSERT INTO PERFIL_PERMISSAO(PERFIL_ID, PERMISSAO_ID) VALUES (2, 37); -- Gestor: Consultar manutenção
INSERT INTO PERFIL_PERMISSAO(PERFIL_ID, PERMISSAO_ID) VALUES (2, 38); -- Gestor: Editar manutenção
INSERT INTO PERFIL_PERMISSAO(PERFIL_ID, PERMISSAO_ID) VALUES (2, 39); -- Gestor: Excluir manutenção
INSERT INTO PERFIL_PERMISSAO(PERFIL_ID, PERMISSAO_ID) VALUES (2, 40); -- Gestor: Cadastrar receita
INSERT INTO PERFIL_PERMISSAO(PERFIL_ID, PERMISSAO_ID) VALUES (2, 41); -- Gestor: Consultar receita
INSERT INTO PERFIL_PERMISSAO(PERFIL_ID, PERMISSAO_ID) VALUES (2, 42); -- Gestor: Editar receita
INSERT INTO PERFIL_PERMISSAO(PERFIL_ID, PERMISSAO_ID) VALUES (2, 43); -- Gestor: Excluir receita
INSERT INTO PERFIL_PERMISSAO(PERFIL_ID, PERMISSAO_ID) VALUES (2, 44); -- Gestor: Cadastrar despesa
INSERT INTO PERFIL_PERMISSAO(PERFIL_ID, PERMISSAO_ID) VALUES (2, 45); -- Gestor: Consultar despesa
INSERT INTO PERFIL_PERMISSAO(PERFIL_ID, PERMISSAO_ID) VALUES (2, 46); -- Gestor: Editar despesa
INSERT INTO PERFIL_PERMISSAO(PERFIL_ID, PERMISSAO_ID) VALUES (2, 47); -- Gestor: Excluir despesa
INSERT INTO PERFIL_PERMISSAO(PERFIL_ID, PERMISSAO_ID) VALUES (2, 48); -- Gestor: Solicitar alocação de máquina
INSERT INTO PERFIL_PERMISSAO(PERFIL_ID, PERMISSAO_ID) VALUES (2, 49); -- Gestor: Excluir solicitação de alocação de máquina
INSERT INTO PERFIL_PERMISSAO(PERFIL_ID, PERMISSAO_ID) VALUES (2, 50); -- Gestor: Consultar alocação
INSERT INTO PERFIL_PERMISSAO(PERFIL_ID, PERMISSAO_ID) VALUES (2, 51); -- Gestor: Solicitar desalocação de máquina
INSERT INTO PERFIL_PERMISSAO(PERFIL_ID, PERMISSAO_ID) VALUES (2, 52); -- Gestor: Cadastrar reserva
INSERT INTO PERFIL_PERMISSAO(PERFIL_ID, PERMISSAO_ID) VALUES (2, 53); -- Gestor: Consultar reserva
INSERT INTO PERFIL_PERMISSAO(PERFIL_ID, PERMISSAO_ID) VALUES (2, 54); -- Gestor: Excluir reserva
INSERT INTO PERFIL_PERMISSAO(PERFIL_ID, PERMISSAO_ID) VALUES (2, 55); -- Gestor: Consultar histórico da máquina

INSERT INTO PERFIL_PERMISSAO(PERFIL_ID, PERMISSAO_ID) VALUES (3, 1); -- Gerente: Usuário logado painel de Admin
INSERT INTO PERFIL_PERMISSAO(PERFIL_ID, PERMISSAO_ID) VALUES (3, 36); -- Gerente: Cadastrar manutenção
INSERT INTO PERFIL_PERMISSAO(PERFIL_ID, PERMISSAO_ID) VALUES (3, 37); -- Gerente: Consultar manutenção
INSERT INTO PERFIL_PERMISSAO(PERFIL_ID, PERMISSAO_ID) VALUES (3, 40); -- Gerente: Cadastrar receita
INSERT INTO PERFIL_PERMISSAO(PERFIL_ID, PERMISSAO_ID) VALUES (3, 41); -- Gerente: Consultar receita
INSERT INTO PERFIL_PERMISSAO(PERFIL_ID, PERMISSAO_ID) VALUES (3, 42); -- Gerente: Editar receita
INSERT INTO PERFIL_PERMISSAO(PERFIL_ID, PERMISSAO_ID) VALUES (3, 43); -- Gerente: Excluir receita
INSERT INTO PERFIL_PERMISSAO(PERFIL_ID, PERMISSAO_ID) VALUES (3, 44); -- Gerente: Cadastrar despesa
INSERT INTO PERFIL_PERMISSAO(PERFIL_ID, PERMISSAO_ID) VALUES (3, 45); -- Gerente: Consultar despesa
INSERT INTO PERFIL_PERMISSAO(PERFIL_ID, PERMISSAO_ID) VALUES (3, 46); -- Gerente: Editar despesa
INSERT INTO PERFIL_PERMISSAO(PERFIL_ID, PERMISSAO_ID) VALUES (3, 47); -- Gerente: Excluir despesa
INSERT INTO PERFIL_PERMISSAO(PERFIL_ID, PERMISSAO_ID) VALUES (3, 48); -- Gerente: Solicitar alocação de máquina
INSERT INTO PERFIL_PERMISSAO(PERFIL_ID, PERMISSAO_ID) VALUES (3, 49); -- Gerente: Excluir solicitação de alocação de máquina
INSERT INTO PERFIL_PERMISSAO(PERFIL_ID, PERMISSAO_ID) VALUES (3, 50); -- Gerente: Consultar alocação
INSERT INTO PERFIL_PERMISSAO(PERFIL_ID, PERMISSAO_ID) VALUES (3, 51); -- Gerente: Solicitar desalocação de máquina
INSERT INTO PERFIL_PERMISSAO(PERFIL_ID, PERMISSAO_ID) VALUES (3, 52); -- Gerente: Cadastrar reserva
INSERT INTO PERFIL_PERMISSAO(PERFIL_ID, PERMISSAO_ID) VALUES (3, 53); -- Gerente: Consultar reserva
INSERT INTO PERFIL_PERMISSAO(PERFIL_ID, PERMISSAO_ID) VALUES (3, 54); -- Gerente: Excluir reserva
INSERT INTO PERFIL_PERMISSAO(PERFIL_ID, PERMISSAO_ID) VALUES (3, 55); -- Gerente: Consultar histórico da máquina

INSERT INTO PERFIL_PERMISSAO(PERFIL_ID, PERMISSAO_ID) VALUES (4, 1); -- Operador: Usuário logado painel de Admin

----------------------------------------------------------------
--  	Atribui as configurações do sistema					  --
----------------------------------------------------------------
INSERT INTO CONFIGURACAO_SISTEMA(ID, NOME, DESCRICAO, VALOR) VALUES (1, 'QTD_MAX_TENTATIVAS_ACESSO_COM_SENHA_INVALIDA', 'Define a quantidade máxima de vezes em que um usuário pode errar a senha ao tentar realizar login antes que a conta seja bloqueada', 3);



----------------------------------------------------------------
--  		Cadastro de clientes do sistema					  --
----------------------------------------------------------------
INSERT INTO ENDERECO(BAIRRO, CEP, CIDADE, COMPLEMENTO, ESTADO, LOGRADOURO, NUMERO) VALUES ('Vila Industrial', '13035-500', 'Campinas', 'Prédio 57', 'SP', 'R. Dr. Sales de Oliveira', 1661);
INSERT INTO CLIENTE(CELULAR, CLIENTE_DESDE, CODIGO, CPF_CNPJ, EMAIL, FISICA_JURIDICA, IND_ATIVO, MOTIVO_BLOQUEIO, NOME_CONTATO, NOME_FANTASIA, SITE, TELEFONE_FIXO, ENDERECO_ID) VALUES('(19) 9784-4321', '2015-08-24', 'CODIGO007', '354.345.346-54', 'jose@gmail.com', 'PF', 1, null, 'José da Silva', 'Loja do José', 'www.lojadojose.com.br', '(19) 3271-8423', 1);

INSERT INTO ENDERECO(BAIRRO, CEP, CIDADE, COMPLEMENTO, ESTADO, LOGRADOURO, NUMERO) VALUES ('Jardim Campos Elíseos', '20511-330', 'São Paulo', null, 'SP', 'Rua Dr. Abelardo de Barros', 372);
INSERT INTO CLIENTE(CELULAR, CLIENTE_DESDE, CODIGO, CPF_CNPJ, EMAIL, FISICA_JURIDICA, IND_ATIVO, MOTIVO_BLOQUEIO, NOME_CONTATO, NOME_FANTASIA, SITE, TELEFONE_FIXO, ENDERECO_ID) VALUES('(19) 9942-6533', '2014-06-29', 'CLI0001', '36.216.296/0001-20', 'alexandrecorrea@hotmail.com', 'PJ', 0, 'Vencimento de contrato', 'Alexandre Correa', 'Supermercado Correa', 'www.supermercadocorrea.com.br', '(19) 3345-7542', 2);

INSERT INTO ENDERECO(BAIRRO, CEP, CIDADE, COMPLEMENTO, ESTADO, LOGRADOURO, NUMERO) VALUES ('São Bernardo', '13041-620', 'Campinas', null, 'SP', 'Rua Padre Bernardo da Silva', 1249);
INSERT INTO CLIENTE(CELULAR, CLIENTE_DESDE, CODIGO, CPF_CNPJ, EMAIL, FISICA_JURIDICA, IND_ATIVO, MOTIVO_BLOQUEIO, NOME_CONTATO, NOME_FANTASIA, SITE, TELEFONE_FIXO, ENDERECO_ID) VALUES('(19) 9671-6426', '2010-02-15', 'CLIENTE2', '36.216.296/0001-20', 'acgodoy@yahoo.com.br', 'PF', 1, null, 'Antônio Carlos Godoy', 'Atacado Amoreiras', 'www.atacadoamoreiras.com.br', '(19) 3271-0503', 3);

----------------------------------------------------------------
--  		Cadastro de fornecedores do sistema					  --
----------------------------------------------------------------
INSERT INTO ENDERECO(BAIRRO, CEP, CIDADE, COMPLEMENTO, ESTADO, LOGRADOURO, NUMERO) VALUES ('Vila Orozimbo Maia', '13035-500', 'Campinas', 'Prédio 57', 'SP', 'R. Serra do Caracol', 294);
INSERT INTO FORNECEDOR(CELULAR, CODIGO, CPF_CNPJ, EMAIL, FISICA_JURIDICA, NOME_CONTATO, NOME_FANTASIA, SITE, TELEFONE_FIXO, ENDERECO_ID) VALUES('(19) 99266-1898', 'BEBIDASAMERICA', '88.653.701/0001-70', 'atendimento@bebidasamerica.com.br', 'PJ', 'José da Silva', 'Distribuidora de Bebidas America LTDA', 'www.bebidasamerica.com.br', '(19) 3253-7368', 4);

INSERT INTO ENDERECO(BAIRRO, CEP, CIDADE, COMPLEMENTO, ESTADO, LOGRADOURO, NUMERO) VALUES ('Jardim Campos Elíseos', '20511-330', 'São Paulo', null, 'SP', 'Rua Dr. Abelardo de Barros', 372);
INSERT INTO FORNECEDOR(CELULAR, CODIGO, CPF_CNPJ, EMAIL, FISICA_JURIDICA, NOME_CONTATO, NOME_FANTASIA, SITE, TELEFONE_FIXO, ENDERECO_ID) VALUES('(19) 99742-6533', 'FORN0001', '354.345.346-54', 'fulano@gmail.com', 'PF', 'Fulano da Silva', 'Loja do Fulano', 'www.fulano.com.br', '(19) 3345-7542', 5);

INSERT INTO ENDERECO(BAIRRO, CEP, CIDADE, COMPLEMENTO, ESTADO, LOGRADOURO, NUMERO) VALUES ('Vila Baruel', '02530-000', 'São Paulo', null, 'SP', 'Av. Baruel', 30);
INSERT INTO FORNECEDOR(CELULAR, CODIGO, CPF_CNPJ, EMAIL, FISICA_JURIDICA, NOME_CONTATO, NOME_FANTASIA, SITE, TELEFONE_FIXO, ENDERECO_ID) VALUES('(11) 98817-4060', 'MANDABALA', '47.485.522/0001-94', 'contato@mandabala.com.br', 'PJ', 'Rodrigo Eduardo Neto', 'Manda Bala Comércio de Brinquedos LTDA', 'www.mandabala.com.br', '(19) 3271-4642', 6);

INSERT INTO ENDERECO(BAIRRO, CEP, CIDADE, COMPLEMENTO, ESTADO, LOGRADOURO, NUMERO) VALUES ('Barra da Tijuca', '22795-006', 'Rio de Janeiro', null, 'RJ', 'Av. Sernambetiba', 8000);
INSERT INTO FORNECEDOR(CELULAR, CODIGO, CPF_CNPJ, EMAIL, FISICA_JURIDICA, NOME_CONTATO, NOME_FANTASIA, SITE, TELEFONE_FIXO, ENDERECO_ID) VALUES('(21) 99849-9995', 'QAB', '51.402.839/0001-97', 'contato@qab.com.br', 'PJ', 'Guilherme Braga', 'QAB Vending LTDA', 'www.qab.com.br', '(21) 2433-7549', 7);
----------------------------------------------------------------
--  		Cadastro de produtos do sistema					  --
----------------------------------------------------------------
INSERT INTO PRODUTO(CODIGO, DESCRICAO, IND_PERECIVEL, PRECO_VENDA, VALOR_UNITARIO, FORNECEDOR_ID) VALUES ('P123','Coca-cola lata 350ml', true, 5, 4, 1);
INSERT INTO PRODUTO(CODIGO, DESCRICAO, IND_PERECIVEL, PRECO_VENDA, VALOR_UNITARIO, FORNECEDOR_ID) VALUES ('P456','Pepsi lata 350ml', true, 4, 3.5, 1);
INSERT INTO PRODUTO(CODIGO, DESCRICAO, IND_PERECIVEL, PRECO_VENDA, VALOR_UNITARIO, FORNECEDOR_ID) VALUES ('P678','Guaraná lata 350ml', true, 4, 3.0, 1);
INSERT INTO PRODUTO(CODIGO, DESCRICAO, IND_PERECIVEL, PRECO_VENDA, VALOR_UNITARIO, FORNECEDOR_ID) VALUES ('P400','Amendoim mendorato 70g', true, 2.5, 1.5, 2);
INSERT INTO PRODUTO(CODIGO, DESCRICAO, IND_PERECIVEL, PRECO_VENDA, VALOR_UNITARIO, FORNECEDOR_ID) VALUES ('P480','Batata ruffles 175g', true, 4.5, 6.5, 2);
INSERT INTO PRODUTO(CODIGO, DESCRICAO, IND_PERECIVEL, PRECO_VENDA, VALOR_UNITARIO, FORNECEDOR_ID) VALUES ('P490','Barrinha de cereais 20g', true, 3, 2, 2);
INSERT INTO PRODUTO(CODIGO, DESCRICAO, IND_PERECIVEL, PRECO_VENDA, VALOR_UNITARIO, FORNECEDOR_ID) VALUES ('P27','Bola 27mm', true, 2, 1, 3);
INSERT INTO PRODUTO(CODIGO, DESCRICAO, IND_PERECIVEL, PRECO_VENDA, VALOR_UNITARIO, FORNECEDOR_ID) VALUES ('P45','Bola 45mm', true, 3, 2, 3);

----------------------------------------------------------------
--  		Cadastro de status de máquina					  --
----------------------------------------------------------------
INSERT INTO MAQUINA_STATUS(DESCRICAO) VALUES ('EM ESTOQUE');
INSERT INTO MAQUINA_STATUS(DESCRICAO) VALUES ('RESERVADA');
INSERT INTO MAQUINA_STATUS(DESCRICAO) VALUES ('EM MANUTENÇÃO');
INSERT INTO MAQUINA_STATUS(DESCRICAO) VALUES ('INATIVADA');
INSERT INTO MAQUINA_STATUS(DESCRICAO) VALUES ('PENDENTE DE ALOCAÇÃO');
INSERT INTO MAQUINA_STATUS(DESCRICAO) VALUES ('ALOCADA PARA CLIENTE');
INSERT INTO MAQUINA_STATUS(DESCRICAO) VALUES ('PENDENTE DE DESALOCAÇÃO');

----------------------------------------------------------------
--  				Cadastro de máquina						  --
----------------------------------------------------------------
INSERT INTO MAQUINA(CODIGO, CUSTO_AQUISICAO, DATA_AQUISICAO, GARANTIA, MODELO, QTD_MAX_TIPO_PRODUTOS, FORNECEDOR_ID, MAQUINA_STATUS_ID) VALUES ('MQ1', 12500, '2015-09-01', 12, 'Glass Front', 15, 2, 1);
INSERT INTO MAQUINA(CODIGO, CUSTO_AQUISICAO, DATA_AQUISICAO, GARANTIA, MODELO, QTD_MAX_TIPO_PRODUTOS, FORNECEDOR_ID, MAQUINA_STATUS_ID) VALUES ('C3PO', 5000, '2015-08-15', 6, 'Soda', 10, 2, 1);
INSERT INTO MAQUINA(CODIGO, CUSTO_AQUISICAO, DATA_AQUISICAO, GARANTIA, MODELO, QTD_MAX_TIPO_PRODUTOS, FORNECEDOR_ID, MAQUINA_STATUS_ID) VALUES ('M1', 3500, '2015-08-15', 6, 'Simples', 1, 3, 1);
INSERT INTO MAQUINA(CODIGO, CUSTO_AQUISICAO, DATA_AQUISICAO, GARANTIA, MODELO, QTD_MAX_TIPO_PRODUTOS, FORNECEDOR_ID, MAQUINA_STATUS_ID) VALUES ('R2D2', 1500, '2015-04-23', 6, 'Simples', 1, 3, 1);
INSERT INTO MAQUINA(CODIGO, CUSTO_AQUISICAO, DATA_AQUISICAO, GARANTIA, MODELO, QTD_MAX_TIPO_PRODUTOS, FORNECEDOR_ID, MAQUINA_STATUS_ID) VALUES ('M404', 8000, '2013-04-07', 12, 'Glass Front', 10, 1, 1);
INSERT INTO MAQUINA(CODIGO, CUSTO_AQUISICAO, DATA_AQUISICAO, GARANTIA, MODELO, QTD_MAX_TIPO_PRODUTOS, FORNECEDOR_ID, MAQUINA_STATUS_ID) VALUES ('R200', 6500, '2014-04-13', 12, 'Glass Front', 12, 1, 1);

----------------------------------------------------------------
--    Vincula produtos que podem ser alocados a máquina		  --
----------------------------------------------------------------
INSERT INTO MAQUINA_PRODUTO VALUES(1, 1);
INSERT INTO MAQUINA_PRODUTO VALUES(1, 2);
INSERT INTO MAQUINA_PRODUTO VALUES(1, 3);
INSERT INTO MAQUINA_PRODUTO VALUES(1, 4);
INSERT INTO MAQUINA_PRODUTO VALUES(1, 5);
INSERT INTO MAQUINA_PRODUTO VALUES(1, 6);

INSERT INTO MAQUINA_PRODUTO VALUES(2, 1);
INSERT INTO MAQUINA_PRODUTO VALUES(2, 2);
INSERT INTO MAQUINA_PRODUTO VALUES(2, 3);

INSERT INTO MAQUINA_PRODUTO VALUES(3, 8);

INSERT INTO MAQUINA_PRODUTO VALUES(4, 7);

INSERT INTO MAQUINA_PRODUTO VALUES(6, 1);
INSERT INTO MAQUINA_PRODUTO VALUES(6, 2);
INSERT INTO MAQUINA_PRODUTO VALUES(6, 3);
INSERT INTO MAQUINA_PRODUTO VALUES(6, 4);
INSERT INTO MAQUINA_PRODUTO VALUES(6, 5);
INSERT INTO MAQUINA_PRODUTO VALUES(6, 6);
----------------------------------------------------------------
--  		   Cadastro de Natureza Financeira			      --
----------------------------------------------------------------
INSERT INTO NATUREZA_FINANCEIRA(CODIGO, DESCRICAO, TIPO_NATUREZA_FINANCEIRA, IND_APAGAVEL) VALUES ('N1', 'ALUGUEL', 'DESPESA', false);
INSERT INTO NATUREZA_FINANCEIRA(CODIGO, DESCRICAO, TIPO_NATUREZA_FINANCEIRA, IND_APAGAVEL) VALUES ('N2', 'PORCENTAGEM SOB AS VENDAS', 'DESPESA', false);
INSERT INTO NATUREZA_FINANCEIRA(CODIGO, DESCRICAO, TIPO_NATUREZA_FINANCEIRA, IND_APAGAVEL) VALUES ('N3', 'MANUTENÇÃO', 'DESPESA', false);
INSERT INTO NATUREZA_FINANCEIRA(CODIGO, DESCRICAO, TIPO_NATUREZA_FINANCEIRA, IND_APAGAVEL) VALUES ('N4', 'ABASTECIMENTO', 'DESPESA', false);
INSERT INTO NATUREZA_FINANCEIRA(CODIGO, DESCRICAO, TIPO_NATUREZA_FINANCEIRA, IND_APAGAVEL) VALUES ('N5', 'RECOLHIMENTO', 'RECEITA', false);
INSERT INTO NATUREZA_FINANCEIRA(CODIGO, DESCRICAO, TIPO_NATUREZA_FINANCEIRA, IND_APAGAVEL) VALUES ('N6', 'TRANSFERÊNCIA', 'DESPESA', true);
INSERT INTO NATUREZA_FINANCEIRA(CODIGO, DESCRICAO, TIPO_NATUREZA_FINANCEIRA, IND_APAGAVEL) VALUES ('N7', 'ADIANTAMENTO', 'RECEITA', true);
INSERT INTO NATUREZA_FINANCEIRA(CODIGO, DESCRICAO, TIPO_NATUREZA_FINANCEIRA, IND_APAGAVEL) VALUES ('N8', 'VENDA DE MÁQUINA', 'RECEITA', true);

----------------------------------------------------------------
--  		   Cadastro de Contratos					      --
----------------------------------------------------------------
INSERT INTO CONTRATO(CODIGO, DESCRICAO, IND_DISPONIVEL, MODALIDADE, VALOR_ALUGUEL, PORCENTAGEM) VALUES ('A200', 'Aluguel promocional', true, 'ALUGUEL', '200.00', null);
INSERT INTO CONTRATO(CODIGO, DESCRICAO, IND_DISPONIVEL, MODALIDADE, VALOR_ALUGUEL, PORCENTAGEM) VALUES ('A280', 'Aluguel básico', true, 'ALUGUEL', '280.00', null);
INSERT INTO CONTRATO(CODIGO, DESCRICAO, IND_DISPONIVEL, MODALIDADE, VALOR_ALUGUEL, PORCENTAGEM) VALUES ('A300', 'Aluguel básico para novos clientes', true, 'ALUGUEL', '300.00', null);
INSERT INTO CONTRATO(CODIGO, DESCRICAO, IND_DISPONIVEL, MODALIDADE, VALOR_ALUGUEL, PORCENTAGEM) VALUES ('A350', 'Aluguel para clientes de longo prazo', true, 'ALUGUEL', '350.00', null);
INSERT INTO CONTRATO(CODIGO, DESCRICAO, IND_DISPONIVEL, MODALIDADE, VALOR_ALUGUEL, PORCENTAGEM) VALUES ('A500', 'Aluguel para grandes clientes', true, 'ALUGUEL', '500.00', null);
INSERT INTO CONTRATO(CODIGO, DESCRICAO, IND_DISPONIVEL, MODALIDADE, VALOR_ALUGUEL, PORCENTAGEM) VALUES ('A600', 'Aluguel para final de ano', true, 'ALUGUEL', '600.00', null);
INSERT INTO CONTRATO(CODIGO, DESCRICAO, IND_DISPONIVEL, MODALIDADE, VALOR_ALUGUEL, PORCENTAGEM) VALUES ('A1000', 'Aluguel para grandes cliente de longo prazo', true, 'ALUGUEL', '1000.00', null);

INSERT INTO CONTRATO(CODIGO, DESCRICAO, IND_DISPONIVEL, MODALIDADE, VALOR_ALUGUEL, PORCENTAGEM) VALUES ('P3', 'Porcentagem promocional', true, 'PORCENTAGEM', null, 0.03);
INSERT INTO CONTRATO(CODIGO, DESCRICAO, IND_DISPONIVEL, MODALIDADE, VALOR_ALUGUEL, PORCENTAGEM) VALUES ('P5', 'Porcentagem básica', true, 'PORCENTAGEM', null, 0.05);
INSERT INTO CONTRATO(CODIGO, DESCRICAO, IND_DISPONIVEL, MODALIDADE, VALOR_ALUGUEL, PORCENTAGEM) VALUES ('P8', 'Porcentagem básica para novos clientes', true, 'PORCENTAGEM', null, 0.08);
INSERT INTO CONTRATO(CODIGO, DESCRICAO, IND_DISPONIVEL, MODALIDADE, VALOR_ALUGUEL, PORCENTAGEM) VALUES ('P10', 'Porcentagem para clientes de longo prazo', true, 'PORCENTAGEM', null, 0.1);
INSERT INTO CONTRATO(CODIGO, DESCRICAO, IND_DISPONIVEL, MODALIDADE, VALOR_ALUGUEL, PORCENTAGEM) VALUES ('P15', 'Porcentagem para grandes clientes', true, 'PORCENTAGEM', null, 0.15);
INSERT INTO CONTRATO(CODIGO, DESCRICAO, IND_DISPONIVEL, MODALIDADE, VALOR_ALUGUEL, PORCENTAGEM) VALUES ('P20', 'Porcentagem para final de ano', true, 'PORCENTAGEM', null, 0.20);
INSERT INTO CONTRATO(CODIGO, DESCRICAO, IND_DISPONIVEL, MODALIDADE, VALOR_ALUGUEL, PORCENTAGEM) VALUES ('P25', 'Porcentagem para grandes clientes de longo prazo', true, 'PORCENTAGEM', null, 0.25);

----------------------------------------------------------------
--  		   Insere agendamento de atividades   			  --
----------------------------------------------------------------
INSERT INTO ATIVIDADE(DATA_AGENDAMENTO, TEXTO, TITULO, USUARIO_ID) VALUES ('2015-11-13', 'Cadastrar uma despesa no valor de R$ 700,00', 'Vencimento de aluguel', 6);
INSERT INTO ATIVIDADE(DATA_AGENDAMENTO, TEXTO, TITULO, USUARIO_ID) VALUES ('2015-11-13', 'Verificar se chegaram as máquinas encomendadas', 'Ligar para o fornecedor Manda Bala', 6);

